Week,Start date,Due date,Date,Day,Time,Workday,Platform,Product,Topic,Type,Progress,Post status,Approval,Owner,Caption,Creative brief,Note,File URL,Created at,Updated at
สัปดาห์ 1/7,2026-07-01,2026-07-01,2026-07-01,พุธ,18:00,workday,Facebook,ประจำเดือน,[ประจำเดือน] เดือนนี้ Metaverse Resolution ช่วยอะไรได้บ้าง,Carousel,เขียนสคริปต์,ยังไม่ได้โพสต์,Pending,nine.doy,"เดือนใหม่ เริ่มจากเช็กก่อนว่าธุรกิจคุณติดปัญหาตรงไหน

Metaverse Resolution ช่วยดูได้ 5 จุดหลัก:

1. เพจ
ถ้าเพจดูไม่น่าเชื่อถือ ลูกค้าไม่กล้าโอน หรือเพจยังไม่พร้อมยิงแอด

2. VPS
ถ้าทำงานหลายบัญชี หลายทีม เครื่องช้า หรืออยากจัดระบบหลังบ้านให้ทำงานนิ่งขึ้น

3. ยอดฟอล / ไลค์
ถ้าเพจดูเงียบ ภาพลักษณ์ยังไม่แข็งแรง หรืออยากเพิ่ม social proof ให้เพจดูน่าเชื่อถือขึ้น

4. เฟสโฆษณา / BM
ถ้าบัญชีแอดติดปัญหา BM ไม่เป็นระบบ เพิ่มงบไม่ได้ หรือยังไม่รู้ว่าควรจัดโครงสร้างยังไง

5. LINE OA
ถ้าลูกค้าทักแล้วหาย ไม่มีระบบเก็บลูกค้า หรืออยากดูแลลูกค้าให้กลับมาซื้อซ้ำ

ไม่แน่ใจว่าควรเริ่มแก้จากตรงไหน
ส่งอาการที่เจออยู่ตอนนี้มาให้ทีมช่วยดูเบื้องต้นได้ครับ","Carousel 7 slides: เปิดด้วยคำถามธุรกิจติดตรงไหน, แล้วไล่ 5 product pillars, ปิดด้วย CTA ส่งอาการให้ทีมช่วยดู",โพสต์รวมโปรดักต์ต้นเดือน ให้ลูกค้ารู้ว่าเราช่วยอะไรได้บ้าง โดยไม่ขายแข็ง,,,
สัปดาห์ 1/7,2026-07-02,2026-07-02,2026-07-02,พฤหัส,18:00,workday,Facebook,เพจ,[เพจ] เพจดูไม่น่าเชื่อถือ ลูกค้าเลยไม่กล้าโอนจริงไหม,บทความ,เขียนสคริปต์,ยังไม่ได้โพสต์,Pending,nine.doy,"บางร้านไม่ได้ขายไม่ดี
แต่ลูกค้ายังไม่มั่นใจพอที่จะโอน

สิ่งที่ลูกค้ามักดูแบบไม่บอกเรา:
- เพจมีรูปโปรไฟล์ชัดไหม
- มีโพสต์จริงหรือเปล่า
- มีคนติดตามหรือมีความเคลื่อนไหวไหม
- ข้อมูลติดต่อดูน่าเชื่อถือไหม
- แชทตอบไวและตอบเป็นระบบไหม

ถ้าเพจดูเงียบเกินไป ลูกค้าอาจลังเล แม้เขาจะสนใจสินค้าแล้วก็ตาม

ใครอยากให้ทีมช่วยดูหน้าเพจเบื้องต้น
ส่งลิงก์เพจมาในแชทได้ครับ","ภาพ static จำลองสถานการณ์ ""ลูกค้ากำลังตัดสินใจก่อนโอน""",เล่าปัญหาจากมุมลูกค้า,,,
สัปดาห์ 1/7,2026-07-03,2026-07-03,2026-07-03,ศุกร์,18:00,workday,Facebook,Vps,[Vps] เลือก VPS ยังไงไม่ให้เล็กไปหรือจ่ายเกินจำเป็น,Carousel,เขียนสคริปต์,ยังไม่ได้โพสต์,Pending,nine.doy,"VPS ไม่จำเป็นต้องเริ่มจากแพ็กสูงสุดเสมอไป
ควรเลือกจากลักษณะงานจริง

ก่อนเลือก ให้เช็ก 4 เรื่องนี้:
1. ใช้งานกี่คน
2. ใช้งานหนักแค่ไหน
3. ต้องเปิดใช้งานต่อเนื่องหรือไม่
4. ต้องให้ทีมช่วยดูแลหลังบ้านแค่ไหน

ถ้าเลือกเล็กไป งานอาจสะดุด
ถ้าเลือกใหญ่ไป ก็อาจจ่ายเกินจำเป็น

ทักมาบอกลักษณะงานได้ครับ ทีมช่วยแนะนำแพ็กที่พอดีให้",Carousel 5 slides: เริ่มต้น / ใช้งานกลาง / ใช้งานหนัก / สิ่งที่ต้องบอกทีมก่อนเลือก / CTA,ขายแบบช่วยเลือกแพ็ก ไม่ hard sell,,,
สัปดาห์ 1/7,2026-07-06,2026-07-06,2026-07-06,จันทร์,18:00,workday,Facebook,บัญชีเฟส,[บัญชีเฟส] Daily Limit คืออะไร และทำไมเพิ่มงบแอดไม่ได้ทันที,บทความ,เขียนสคริปต์,ยังไม่ได้โพสต์,Pending,nine.doy,"อยากเพิ่มงบแอด แต่ติด daily limit
ปัญหานี้ทำให้หลายธุรกิจสเกลไม่ทันจังหวะ

สิ่งที่ควรดูไม่ใช่วงเงินอย่างเดียว แต่ต้องดูทั้งระบบ:
- บัญชีโฆษณาพร้อมไหม
- BM จัดถูกไหม
- วิธีชำระเงินมีปัญหาหรือเปล่า
- เพจและแอดมีประวัติเป็นอย่างไร
- แผนเพิ่มงบค่อยเป็นค่อยไปหรือเร็วเกินไป

การสเกลแอดที่ดีควรเริ่มจากโครงสร้างที่นิ่ง

ถ้าตอนนี้ติดเพดานหรือเพิ่มงบไม่ได้
ทักมาให้ทีมช่วยดูภาพรวมได้ครับ",Single image หรือ cover บทความ: อยากเพิ่มงบ แต่ติดเพดาน ต้องเช็กอะไร,ความรู้เชิงระบบ สำหรับลูกค้าที่อยากสเกล,,,
สัปดาห์ 1/7,2026-07-07,2026-07-07,2026-07-07,อังคาร,18:00,workday,Facebook,บัญชี BM,[บัญชี BM] BM 3 กับ BM 5 ต่างกันยังไง,Carousel,เขียนสคริปต์,ยังไม่ได้โพสต์,Pending,nine.doy,"BM 3 หรือ BM 5 ไม่ได้เลือกจากตัวเลขอย่างเดียว

ควรดูจาก:
- ขนาดทีม
- จำนวนเพจที่ต้องจัดการ
- โครงสร้างบัญชีโฆษณา
- แผนการเพิ่มงบ
- ความพร้อมของธุรกิจ

บางธุรกิจใช้ BM ขนาดเล็กก็พอ
บางธุรกิจต้องวางโครงสร้างให้รองรับการสเกล

ถ้าไม่แน่ใจว่าควรเลือกแบบไหน
ทักมาเล่าโจทย์ได้ครับ ทีมช่วยแนะนำตามเคส",ตารางเปรียบเทียบ BM 3 / BM 5 แบบไม่ hard sell,ขายแบบช่วยเลือก ไม่ใช่ดันแพ็กแพง,,,
สัปดาห์ 2/7,2026-07-09,2026-07-09,2026-07-09,พฤหัส,18:00,workday,Facebook,content อิสระ,[content อิสระ] 10 อาการที่เจอบ่อยในเพจ/แอด/LINE OA และควรแก้อะไรก่อน,บทความ,เขียนสคริปต์,ยังไม่ได้โพสต์,Pending,nine.doy,"ถ้าธุรกิจคุณกำลังเจอปัญหาเหล่านี้
อาจไม่ต้องแก้ทุกอย่างพร้อมกัน แต่ควรเริ่มจากจุดที่กระทบยอดขายที่สุด

10 อาการที่เจอบ่อย:
1. เพจดูเงียบ
2. ลูกค้าไม่กล้าโอน
3. ยิงแอดแล้วไม่วิ่ง
4. บัญชีโฆษณาติดจำกัด
5. BM ไม่เป็นระบบ
6. เครื่องทำงานช้า
7. ทีมทำงานหลายคนแล้วสับสน
8. ลูกค้าทักแล้วหาย
9. ไม่มีช่องทางเก็บลูกค้า
10. คอนเทนต์ขายบ่อยแต่ยอดทักไม่เพิ่ม

ถ้าไม่แน่ใจว่าควรเริ่มแก้ตรงไหนก่อน
เล่าอาการมาในแชทได้ครับ ทีมช่วยชี้จุดเริ่มให้",ภาพ checklist 10 อาการ แล้วใช้ caption อธิบาย,ปิดรอบด้วย content รวมสินค้าแบบ trust,,,
สัปดาห์ 2/7,2026-07-10,2026-07-10,2026-07-10,ศุกร์,18:00,workday,Facebook,line oa,[line oa] LINE OA ไม่ใช่แค่แชท แต่คือระบบเก็บลูกค้า,Carousel,เขียนสคริปต์,ยังไม่ได้โพสต์,Pending,nine.doy,"คนทักเพจวันนี้ ถ้าไม่เก็บเข้าระบบ
พรุ่งนี้เขาอาจหายไปเลย

LINE OA ช่วยให้ธุรกิจ:
- เก็บลูกค้าที่เคยสนใจ
- ส่งข่าวสารได้เป็นระบบ
- ทำบรอดแคสต์ได้
- พาลูกค้ากลับมาซื้อซ้ำ
- ลดการพึ่งพา inbox ช่องทางเดียว

แอดช่วยพาคนเข้ามา
แต่ LINE OA ช่วยให้เราดูแลเขาต่อได้

พิมพ์ ""LINE OA"" ถ้าอยากให้ทีมช่วยวาง flow เบื้องต้น",Flow จาก Ads -> Inbox -> LINE OA -> ซื้อซ้ำ,สอนบทบาท LINE OA เป็น retention ไม่ใช่แค่แชท,,,
สัปดาห์ 2/7,2026-07-13,2026-07-13,2026-07-13,จันทร์,18:00,workday,Facebook,ปั้มไลค์/ยอดฟอล,[ปั้มไลค์/ยอดฟอล] ยอดไลค์เยอะอย่างเดียวไม่พอ ต้องมี 3 อย่างนี้ด้วย,Carousel,เขียนสคริปต์,ยังไม่ได้โพสต์,Pending,nine.doy,"ยอดไลค์ช่วยให้เพจดูมีน้ำหนักขึ้น
แต่ถ้ามีแค่ตัวเลขอย่างเดียว อาจยังปิดการขายไม่ได้

ต้องมี 3 อย่างนี้คู่กัน:

1. Content
โพสต์ต้องบอกให้ลูกค้ารู้ว่าเราช่วยแก้ปัญหาอะไร

2. Trust
หน้าเพจต้องดูเป็นธุรกิจจริง

3. Chat
ข้อความตอบลูกค้าต้องชัดและพาไปสู่การตัดสินใจ

ตัวเลขช่วยเปิดประตู
แต่ระบบเพจและแชทคือสิ่งที่ช่วยปิดการขาย","3 pillar cards: Content, Trust, Chat",ทำให้สินค้า social proof ไม่ดูขายตัวเลขอย่างเดียว,,,
สัปดาห์ 2/7,2026-07-14,2026-07-14,2026-07-14,อังคาร,18:00,workday,Facebook,เพจ,[เพจ] Before/After โครงหน้าเพจที่ดูพร้อมขายมากขึ้น,Single Image,เขียนสคริปต์,ยังไม่ได้โพสต์,Pending,nine.doy,"บางครั้งไม่ต้องเปลี่ยนทั้งเพจ
แค่จัดโครงให้ชัดขึ้น เพจก็ดูน่าเชื่อถือขึ้นได้

ก่อน:
- รูปปกไม่ชัด
- ข้อมูลเพจไม่ครบ
- โพสต์ไม่สื่อว่าเพจขายอะไร
- ไม่มี CTA ให้ลูกค้าทัก

หลัง:
- ภาพรวมเพจสื่อสารชัด
- ลูกค้ารู้ว่าต้องทักเรื่องอะไร
- หน้าเพจดูพร้อมขายมากขึ้น

ถ้าอยากรู้ว่าเพจคุณควรปรับตรงไหนก่อน
ส่งลิงก์เพจมาให้ทีมช่วยดูได้ครับ","ภาพเดียวแบ่งครึ่ง ก่อน/หลัง: รูปปก, ข้อมูลเพจ, โพสต์, CTA",ทำภาพ mockup ไม่ใช้ข้อมูลลูกค้าจริง,,,
สัปดาห์ 3/7,2026-07-16,2026-07-16,2026-07-16,พฤหัส,18:00,workday,Facebook,Vps,[Vps] VPS คืออะไร ทำไมทีมทำการตลาดถึงใช้,Carousel,เขียนสคริปต์,ยังไม่ได้โพสต์,Pending,nine.doy,"VPS ไม่ใช่เรื่องไกลตัวสำหรับคนทำการตลาด

ถ้าอธิบายง่าย ๆ
VPS คือเครื่องทำงานกลางที่เปิดใช้งานได้ตลอด
ช่วยให้ทีมจัดระบบงานได้เป็นระเบียบขึ้น

เหมาะกับคนที่:
- ทำงานหลายบัญชี
- มีหลายคนช่วยดูงาน
- ต้องการเครื่องที่พร้อมใช้งานตลอด
- ไม่อยากให้เครื่องส่วนตัวเป็นคอขวด

ถ้าไม่แน่ใจว่าควรใช้สเปกไหน
พิมพ์ ""VPS"" หรือทักแชทมาให้ทีมช่วยประเมินได้ครับ",อธิบาย VPS แบบ beginner ด้วยภาพเครื่องกลาง/ระบบทำงาน,อธิบายเป็นระบบทำงาน ไม่ใช้ภาษาหลบระบบ,,,
สัปดาห์ 3/7,2026-07-17,2026-07-17,2026-07-17,ศุกร์,18:00,workday,Facebook,บัญชีเฟส,[บัญชีเฟส] บัญชีโฆษณาโดนจำกัด อย่าเพิ่งแก้แบบสุ่ม,Carousel,เขียนสคริปต์,ยังไม่ได้โพสต์,Pending,nine.doy,"บัญชีโฆษณาติดจำกัด อย่าเพิ่งกดแก้แบบสุ่ม

สิ่งที่ควรทำก่อน:
1. อ่านสถานะที่ระบบแจ้งให้ครบ
2. แยกว่าเป็นปัญหาบัญชี, เพจ, BM หรือวิธีชำระเงิน
3. เช็กประวัติการใช้งานล่าสุด
4. ให้คนที่เข้าใจระบบช่วยดูภาพรวม

บางเคสแก้ผิดจุดอาจทำให้เสียเวลามากกว่าเดิม

ถ้าบัญชีคุณมีอาการผิดปกติ
ส่งอาการมาให้ทีมช่วยดูเบื้องต้นได้ครับ","5 slides, ใช้โทนเตือนแต่ไม่ขู่",เลี่ยงการสอน bypass เน้นแยกอาการ,,,
สัปดาห์ 3/7,2026-07-20,2026-07-20,2026-07-20,จันทร์,18:00,workday,Facebook,บัญชี BM,[บัญชี BM] Checklist ตั้งค่า Business Manager ก่อนยิงจริง,Carousel,เขียนสคริปต์,ยังไม่ได้โพสต์,Pending,nine.doy,"ก่อนยิงแอดจริง ลองเช็ก BM ให้ครบก่อน

Checklist เบื้องต้น:
- มีผู้ดูแลหลักชัดเจน
- ตั้งค่าสิทธิ์ทีมเรียบร้อย
- ผูกเพจถูกต้อง
- บัญชีโฆษณาพร้อมใช้งาน
- วิธีชำระเงินพร้อม
- มีแผนสำรองถ้าเกิดปัญหา

การตั้งค่าดีตั้งแต่ต้น ช่วยลดปัญหาตอนต้องเร่งยอด

พิมพ์ ""BM CHECK"" ถ้าอยากได้ checklist ไว้เช็กเอง",Carousel checklist 6 ข้อ ใช้ไอคอน check ง่าย ๆ,Lead magnet แบบ checklist,,,
สัปดาห์ 3/7,2026-07-21,2026-07-21,2026-07-21,อังคาร,18:00,workday,Facebook,line oa,[line oa] บรอดแคสต์ยังไงไม่ให้ลูกค้ารำคาญ,Carousel,เขียนสคริปต์,ยังไม่ได้โพสต์,Pending,nine.doy,"บรอดแคสต์ไม่จำเป็นต้องขายทุกครั้ง

ถ้าส่งแต่โปรโมชัน ลูกค้าอาจเริ่มเลื่อนผ่าน
ลองแบ่งข้อความเป็น 3 แบบ:

1. ให้ประโยชน์
เช่น checklist, วิธีเลือก, ข้อควรระวัง

2. แจ้งข่าว
เช่น อัปเดตบริการ, เวลาให้บริการ, ขั้นตอนใหม่

3. ข้อเสนอ
เช่น โปรโมชันหรือแพ็กที่เหมาะกับปัญหาลูกค้า

สัดส่วนที่แนะนำ: ให้ประโยชน์มากกว่าขาย

ใครอยากได้ template บรอดแคสต์ ทักมาขอได้ครับ",Carousel 5 slides: 3 สูตรข้อความ + ตัวอย่าง CTA + สัดส่วนส่งข้อความ,เสริม LINE OA ด้วยมุม CRM/retention,,,
สัปดาห์ 4/7,2026-07-23,2026-07-23,2026-07-23,พฤหัส,18:00,workday,Facebook,content อิสระ,[content อิสระ] สรุปท้ายเดือน: เดือนนี้ควรเช็กอะไรในเพจ แอด และ LINE OA,บทความ,เขียนสคริปต์,ยังไม่ได้โพสต์,Pending,nine.doy,"ก่อนจบเดือน ลองเช็ก 3 ระบบนี้

1. เพจ
เพจยังดูมีความเคลื่อนไหวไหม ข้อมูลครบไหม CTA ชัดไหม

2. แอด / BM
บัญชีโฆษณาและ BM ยังพร้อมใช้งานไหม มีจุดเสี่ยงอะไรที่ควรแก้ก่อนเพิ่มงบไหม

3. LINE OA
ลูกค้าที่ทักเข้ามา ถูกเก็บเข้าระบบแล้วหรือยัง มีแผนดูแลต่อไหม

ธุรกิจที่โตต่อได้ มักไม่ได้พึ่งแค่แอดอย่างเดียว
แต่มีระบบหลังบ้านที่ค่อย ๆ แข็งแรงขึ้นทุกเดือน

ถ้าอยากให้ทีมช่วยดูว่าควรเริ่มเช็กตรงไหนก่อน ทักมาได้ครับ",Cover บทความ checklist 3 หมวด: เพจ / แอด-BM / LINE OA,ปิดเดือนแบบ trust และชวนประเมินเคส,,,
สัปดาห์ 4/7,2026-07-24,2026-07-24,2026-07-24,ศุกร์,18:00,workday,Facebook,ปั้มไลค์/ยอดฟอล,[ปั้มไลค์/ยอดฟอล] Social proof แบบพอดี ช่วยให้เพจดูน่าเชื่อถือยังไง,Carousel,เขียนสคริปต์,ยังไม่ได้โพสต์,Pending,nine.doy,"Social proof ไม่ได้มีไว้เพื่ออวดตัวเลขอย่างเดียว
แต่ช่วยให้ลูกค้ารู้สึกว่าเพจมีความเคลื่อนไหวและดูเป็นธุรกิจมากขึ้น

สิ่งที่ควรจำ:
1. ตัวเลขช่วยสร้างความมั่นใจเบื้องต้น
2. คอนเทนต์ต้องตอบ painpoint ลูกค้า
3. หน้าเพจต้องมีข้อมูลครบ
4. แชทต้องตอบชัด

ถ้ามีตัวเลขแต่เพจยังดูไม่พร้อม
ลูกค้าอาจยังไม่ตัดสินใจอยู่ดี

อยากรู้ว่าเพจควรเสริม social proof ตรงไหน
ส่งลิงก์มาให้ทีมช่วยดูได้ครับ","Carousel 5 slides: social proof คืออะไร, ใช้ผิดแบบ, ใช้พอดี, ต้องคู่กับ content, CTA เช็กเพจ",เพิ่ม social proof เป็นมุมความน่าเชื่อถือ ไม่ขายยอดตรง ๆ,,,
สัปดาห์ 4/7,2026-07-27,2026-07-27,2026-07-27,จันทร์,18:00,workday,Facebook,เพจ,[เพจ] เช็กลิสต์ 7 จุดก่อนเอาเพจใหม่ไปยิงแอด,Carousel,เขียนสคริปต์,ยังไม่ได้โพสต์,Pending,nine.doy,"เพจใหม่ไม่ใช่ว่ายิงแอดไม่ได้
แต่ก่อนเอางบไปลง ควรเช็กให้ครบก่อนว่าเพจพร้อมพอหรือยัง

7 จุดที่ควรดู:
1. รูปโปรไฟล์และปกดูน่าเชื่อถือ
2. ข้อมูลเพจครบ
3. มีโพสต์พื้นฐานก่อนยิงแอด
4. มีช่องทางติดต่อชัดเจน
5. มี social proof เบื้องต้น
6. หน้าเพจไม่ดูร้าง
7. ข้อความตอบลูกค้าพร้อม

เพจที่พร้อม ช่วยให้ลูกค้าตัดสินใจง่ายขึ้น

คอมเมนต์ ""เช็กเพจ"" ถ้าอยากได้ checklist ไว้ตรวจเพจตัวเอง","7 slides, slide แรกเป็น hook, slide สุดท้ายเป็น CTA",CTA แบบให้ checklist ลดความขายตรง,,,
สัปดาห์ 4/7,2026-07-28,2026-07-28,2026-07-28,อังคาร,18:00,workday,Facebook,Vps,[Vps] ทำงานหลายบัญชี ทำไมควรแยกเครื่องให้เป็นระบบ,Carousel,เขียนสคริปต์,ยังไม่ได้โพสต์,Pending,nine.doy,"ถ้าทีมเริ่มทำงานหลายบัญชีพร้อมกัน
ปัญหาที่เจอบ่อยไม่ใช่แค่เครื่องช้า แต่คือระบบงานเริ่มปนกัน

สิ่งที่ควรแยกให้ชัด:
1. เครื่องที่ใช้ทำงาน
2. ผู้รับผิดชอบแต่ละงาน
3. ไฟล์และข้อมูลที่ต้องใช้งานร่วมกัน
4. เวลาที่ต้องเปิดใช้งานต่อเนื่อง

VPS ช่วยให้ทีมมีพื้นที่ทำงานกลาง
ลดการพึ่งเครื่องส่วนตัว และวางระบบหลังบ้านให้ดูเป็นงานมากขึ้น

ถ้ายังไม่แน่ใจว่าต้องใช้สเปกประมาณไหน
ทักมาเล่างานที่ใช้จริงให้ทีมช่วยประเมินได้ครับ","Carousel 5 slides: ปัญหางานหลายบัญชี, ความเสี่ยงของเครื่องส่วนตัว, บทบาท VPS, วิธีเริ่มจัดระบบ, CTA ประเมินสเปก",ขยายมุม VPS ให้เป็นเรื่องระบบทีม ไม่ใช่แค่สเปกเครื่อง,,,
สัปดาห์ 5/7,2026-07-30,2026-07-30,2026-07-30,พฤหัส,18:00,workday,Facebook,บัญชีเฟส,[บัญชีเฟส] ก่อนเพิ่มงบแอด ควรเช็กอะไรบ้าง,Carousel,เขียนสคริปต์,ยังไม่ได้โพสต์,Pending,nine.doy,"ก่อนเพิ่มงบแอด อย่าดูแค่ยอดขายเมื่อวาน
ควรเช็กทั้งระบบก่อนว่าสเกลต่อไหวไหม

Checklist เบื้องต้น:
1. บัญชีโฆษณาไม่มีสถานะผิดปกติ
2. เพจยังดูน่าเชื่อถือ
3. วิธีชำระเงินพร้อม
4. BM จัดสิทธิ์ถูกต้อง
5. คอนเทนต์และข้อเสนอชัด
6. แผนเพิ่มงบไม่เร่งเกินไป

การเพิ่มงบที่ดีคือเพิ่มบนระบบที่นิ่ง
ไม่ใช่เพิ่มแล้วค่อยมาแก้ปัญหาทีหลัง

ถ้าอยากให้ทีมช่วยดูว่าจุดไหนควรเช็กก่อน
ส่งอาการที่เจอมาได้ครับ","Carousel checklist 6 ข้อ: บัญชี, เพจ, วิธีชำระเงิน, BM, คอนเทนต์, แผนเพิ่มงบ",ช่วยให้บัญชีเฟสมีมุม proactive ไม่ซ้ำกับโพสต์โดนจำกัด,,,
สัปดาห์ 5/7,2026-07-31,2026-07-31,2026-07-31,ศุกร์,18:00,workday,Facebook,บัญชี BM,[บัญชี BM] สิทธิ์ใน BM ที่ควรเช็กก่อนให้ทีมเริ่มงาน,Carousel,เขียนสคริปต์,ยังไม่ได้โพสต์,Pending,nine.doy,"BM ไม่ได้มีแค่สร้างไว้แล้วจบ
สิทธิ์ของคนในทีมคือจุดที่ควรเช็กก่อนเริ่มงานจริง

สิ่งที่ควรดู:
1. ใครเป็นผู้ดูแลหลัก
2. ใครเข้าถึงเพจได้บ้าง
3. ใครดูแลบัญชีโฆษณา
4. สิทธิ์เกินจำเป็นหรือเปล่า
5. มีคนสำรองเวลาต้องแก้ปัญหาหรือไม่

ถ้าสิทธิ์ปนกันมากเกินไป
เวลาเกิดปัญหาอาจหาต้นทางยาก

ถ้าอยากให้ทีมช่วยดูโครงสร้าง BM เบื้องต้น
ส่งอาการหรือภาพรวมมาให้ช่วยเช็กได้ครับ","Carousel 5 slides: ทำไมสิทธิ์สำคัญ, role ที่พบบ่อย, ความเสี่ยง, checklist, CTA ส่งเคส",เพิ่มมุม governance ของ BM ไม่ซ้ำกับ BM 3/BM 5,,,